"Iteration","Omitted_Study","Studies_Remaining","Drug_C_HR","Drug_C_LCI","Drug_C_UCI","Drug_F_HR","Drug_D_HR","Drug_B_HR","Drug_E_HR","Tau2","I2_Pct","Q_Total","Pscore_Drug_C","Top_Treatment"
0,"None (Full Evidence Base)",24,0.687,0.638,0.74,0.725,0.762,0.776,0.899,0,0,21.44,0.9428,"Drug C"
1,"Excluding Study 01 (2016)",23,0.688,0.639,0.741,0.725,0.766,0.789,0.899,0,0,19.46,0.9426,"Drug C"
2,"Excluding Study 02 (2019)",23,0.685,0.635,0.737,0.725,0.755,0.756,0.899,0,0,20.81,0.9363,"Drug C"
3,"Excluding Study 03 (2021)",23,0.689,0.64,0.742,0.725,0.768,0.796,0.899,0,0,17.13,0.9424,"Drug C"
4,"Excluding Study 04 (2020)",23,0.687,0.638,0.74,0.725,0.762,0.777,0.899,0,0,21.42,0.9427,"Drug C"
5,"Excluding Study 05 (2018)",23,0.707,0.655,0.764,0.725,0.769,0.78,0.899,0,0,14.43,0.9051,"Drug C"
6,"Excluding Study 06 (2018)",23,0.691,0.64,0.746,0.725,0.763,0.777,0.899,0,0,21.16,0.9362,"Drug C"
7,"Excluding Study 07 (2019)",23,0.674,0.623,0.729,0.725,0.757,0.773,0.899,0,0,19.55,0.9591,"Drug C"
8,"Excluding Study 08 (2021)",23,0.684,0.633,0.738,0.725,0.761,0.775,0.899,0,0,21.24,0.9468,"Drug C"
9,"Excluding Study 09 (2021)",23,0.686,0.636,0.74,0.725,0.761,0.776,0.899,0,0,21.4,0.9441,"Drug C"
10,"Excluding Study 10 (2021)",23,0.69,0.639,0.745,0.725,0.763,0.777,0.899,0,0,21.26,0.9371,"Drug C"
11,"Excluding Study 11 (2018)",23,0.674,0.622,0.729,0.725,0.757,0.773,0.899,0,0,19.69,0.9592,"Drug C"
12,"Excluding Study 12 (2020)",23,0.691,0.637,0.75,0.725,0.766,0.777,0.899,2e-04,1,21.22,0.9286,"Drug C"
13,"Excluding Study 13 (2019)",23,0.686,0.636,0.739,0.725,0.765,0.746,0.899,0,0,18.69,0.9315,"Drug C"
14,"Excluding Study 14 (2022)",23,0.683,0.63,0.74,0.725,0.762,0.775,0.899,2e-04,1.4,21.3,0.9431,"Drug C"
15,"Excluding Study 15 (2009)",23,0.687,0.638,0.74,0.724,0.762,0.776,0.898,0,0,21.44,0.9386,"Drug C"
16,"Excluding Study 16 (2012)",23,0.687,0.638,0.74,0.724,0.762,0.776,0.897,0,0,21.4,0.9415,"Drug C"
17,"Excluding Study 17 (2011)",23,0.687,0.638,0.74,0.721,0.762,0.776,0.891,0,0,20.94,0.9386,"Drug C"
18,"Excluding Study 18 (2010)",23,0.687,0.638,0.74,0.728,0.762,0.776,0.906,0,0,21.01,0.9461,"Drug C"
19,"Excluding Study 19 (2023)",23,0.687,0.638,0.74,0.738,0.762,0.776,0.894,0,0,21.06,0.9531,"Drug C"
20,"Excluding Study 20 (2022)",23,0.687,0.638,0.74,0.724,0.762,0.776,0.899,0,0,21.44,0.9396,"Drug C"
21,"Excluding Study 21 (2020)",23,0.687,0.638,0.74,0.733,0.762,0.776,0.913,0,0,20.86,0.9445,"Drug C"
22,"Excluding Study 22 (2021)",23,0.686,0.637,0.738,0.725,0.752,0.783,0.899,0,0,20.68,0.9408,"Drug C"
23,"Excluding Study 23 (2023)",23,0.687,0.638,0.74,0.705,0.762,0.776,0.892,0,0,21.09,0.9148,"Drug C"
24,"Excluding Study 24 (2021)",23,0.689,0.638,0.743,0.725,0.762,0.773,0.899,0,0,21.33,0.9365,"Drug C"
